report_date,net
1995-04-18,48920.0
1995-04-25,42327.0
1995-05-02,24083.0
1995-05-09,-1733.0
1995-05-16,-3326.0
1995-05-23,-10007.0
1995-05-30,-4113.0
1995-06-06,-3561.0
1995-06-13,6780.0
1995-06-20,30837.0
1995-06-27,25470.0
1995-07-03,-167.0
1995-07-11,-9861.0
1995-07-18,10358.0
1995-07-25,3884.0
1995-08-01,-24687.0
1995-08-08,-28715.0
1995-08-15,-12554.0
1995-08-22,-27811.0
1995-08-29,-30196.0
1995-09-05,-37815.0
1995-09-12,-21243.0
1995-09-19,-13786.0
1995-09-26,-20040.0
1995-10-03,-27172.0
1995-10-10,-18195.0
1995-10-17,-23980.0
1995-10-24,-38199.0
1995-10-31,-35706.0
1995-11-07,-22972.0
1995-11-14,8905.0
1995-11-21,3627.0
1995-11-28,-267.0
1995-12-05,-125.0
1995-12-12,11624.0
1995-12-19,4044.0
1995-12-26,3280.0
1996-01-02,12835.0
1996-01-09,56085.0
1996-01-16,62225.0
1996-01-23,75891.0
1996-01-30,73817.0
1996-02-06,73507.0
1996-02-13,56009.0
1996-02-20,46069.0
1996-02-27,41821.0
1996-03-05,23025.0
1996-03-12,23640.0
1996-03-19,15156.0
1996-03-26,31907.0
1996-04-02,22434.0
1996-04-09,27154.0
1996-04-16,4251.0
1996-04-23,-979.0
1996-04-30,-943.0
1996-05-07,7273.0
1996-05-14,-4135.0
1996-05-21,-11962.0
1996-05-28,-9269.0
1996-06-04,-13036.0
1996-06-11,-38850.0
1996-06-18,-32380.0
1996-06-25,-30284.0
1996-07-02,-40772.0
1996-07-09,-37596.0
1996-07-16,-29320.0
1996-07-23,-24462.0
1996-07-30,-20148.0
1996-08-06,1878.0
1996-08-13,2191.0
1996-08-20,-1619.0
1996-08-27,1720.0
1996-09-03,-14474.0
1996-09-10,-46969.0
1996-09-17,-52146.0
1996-09-24,-56747.0
1996-10-01,-61921.0
1996-10-08,-56673.0
1996-10-15,-52769.0
1996-10-22,-37074.0
1996-10-29,-45814.0
1996-11-05,-54802.0
1996-11-12,-37781.0
1996-11-19,-39247.0
1996-11-26,-56193.0
1996-12-03,-55600.0
1996-12-10,-40403.0
1996-12-17,-39946.0
1996-12-24,-41762.0
1996-12-31,-46527.0
1997-01-07,-53591.0
1997-01-14,-55457.0
1997-01-21,-53143.0
1997-01-28,-40100.0
1997-02-04,-48277.0
1997-02-11,-49001.0
1997-02-18,-36312.0
1997-02-25,-20409.0
1997-03-04,5053.0
1997-03-11,-158.0
1997-03-18,-9347.0
1997-03-25,-6237.0
1997-04-01,-7983.0
1997-04-08,-7576.0
1997-04-15,-27574.0
1997-04-22,-35220.0
1997-04-29,-37413.0
1997-05-06,-36702.0
1997-05-13,-11219.0
1997-05-20,-24458.0
1997-05-27,-23103.0
1997-06-03,-24013.0
1997-06-10,-28354.0
1997-06-17,-30223.0
1997-06-24,-48181.0
1997-07-01,-64548.0
1997-07-08,-72091.0
1997-07-15,-70345.0
1997-07-22,-56814.0
1997-07-29,-51974.0
1997-08-05,-67261.0
1997-08-12,-46140.0
1997-08-19,-53134.0
1997-08-26,-48957.0
1997-09-02,-56840.0
1997-09-09,-56135.0
1997-09-16,-54753.0
1997-09-23,-56219.0
1997-09-30,-11501.0
1997-10-07,16800.0
1997-10-14,-2921.0
1997-10-21,-26071.0
1997-10-28,-64094.0
1997-11-04,-63813.0
1997-11-11,-60683.0
1997-11-18,-50832.0
1997-11-25,-60222.0
1997-12-02,-59241.0
1997-12-09,-62840.0
1997-12-16,-59437.0
1997-12-23,-51237.0
1997-12-30,-51878.0
1998-01-06,-60345.0
1998-01-13,-57590.0
1998-01-20,-50977.0
1998-01-27,-22514.0
1998-02-03,-22844.0
1998-02-10,-20523.0
1998-02-17,-24907.0
1998-02-24,-33230.0
1998-03-03,-26599.0
1998-03-10,-32690.0
1998-03-17,-45587.0
1998-03-24,-35578.0
1998-03-31,-15235.0
1998-04-07,14092.0
1998-04-14,15851.0
1998-04-21,19670.0
1998-04-28,24137.0
1998-05-05,11230.0
1998-05-12,-19205.0
1998-05-19,-18019.0
1998-05-26,-22597.0
1998-06-02,-53437.0
1998-06-09,-49605.0
1998-06-16,-59593.0
1998-06-23,-35824.0
1998-06-30,-33518.0
1998-07-07,-32694.0
1998-07-14,-34799.0
1998-07-21,-30448.0
1998-07-28,-38348.0
1998-08-04,-57473.0
1998-08-11,-57276.0
1998-08-18,-57354.0
1998-08-25,-58210.0
1998-09-01,-65752.0
1998-09-08,-44222.0
1998-09-15,-14313.0
1998-09-22,-14432.0
1998-09-29,644.0
1998-10-06,30111.0
1998-10-13,29136.0
1998-10-20,23459.0
1998-10-27,12222.0
1998-11-03,-17471.0
1998-11-10,-2878.0
1998-11-17,5139.0
1998-11-24,8256.0
1998-12-01,-4728.0
1998-12-08,-4067.0
1998-12-15,-11891.0
1998-12-22,-26636.0
1998-12-29,-34367.0
1999-01-05,-42219.0
1999-01-12,-38364.0
1999-01-19,-51807.0
1999-01-26,-58241.0
1999-02-02,-55839.0
1999-02-09,-57557.0
1999-02-16,-64859.0
1999-02-23,-66697.0
1999-03-02,-55293.0
1999-03-09,1689.0
1999-03-16,-28219.0
1999-03-23,-51021.0
1999-03-30,-79744.0
1999-04-06,-88342.0
1999-04-13,-79720.0
1999-04-20,-72257.0
1999-04-27,-79818.0
1999-05-04,-46642.0
1999-05-11,-59586.0
1999-05-18,-77927.0
1999-05-25,-84082.0
1999-06-01,-65678.0
1999-06-08,-83401.0
1999-06-15,-80751.0
1999-06-22,-85391.0
1999-06-29,-81634.0
1999-07-06,-83148.0
1999-07-13,-76141.0
1999-07-20,-77472.0
1999-07-27,-65677.0
1999-08-03,-53514.0
1999-08-10,-51305.0
1999-08-17,-30475.0
1999-08-24,-55538.0
1999-08-31,-55314.0
1999-09-07,-56508.0
1999-09-14,-47348.0
1999-09-21,-29223.0
1999-09-28,22590.0
1999-10-05,27895.0
1999-10-12,35943.0
1999-10-19,32776.0
1999-10-26,28332.0
1999-11-02,24325.0
1999-11-09,20148.0
1999-11-16,22584.0
1999-11-23,29294.0
1999-11-30,24492.0
1999-12-07,14940.0
1999-12-14,-2478.0
1999-12-21,-3290.0
1999-12-28,-2102.0
2000-01-04,-5071.0
2000-01-11,52.0
2000-01-18,6245.0
2000-01-25,6816.0
2000-02-01,2974.0
2000-02-08,28822.0
2000-02-15,41870.0
2000-02-22,53355.0
2000-02-29,37522.0
2000-03-07,33613.0
2000-03-14,25118.0
2000-03-21,22885.0
2000-03-28,-9568.0
2000-04-04,-20923.0
2000-04-11,-22189.0
2000-04-18,-19898.0
2000-04-25,-25982.0
2000-05-02,-33259.0
2000-05-09,-27067.0
2000-05-16,-30131.0
2000-05-23,-38276.0
2000-05-30,-43496.0
2000-06-06,-3741.0
2000-06-13,16171.0
2000-06-20,21187.0
2000-06-27,17947.0
2000-07-05,17444.0
2000-07-11,11644.0
2000-07-18,7142.0
2000-07-25,2441.0
2000-08-01,-6283.0
2000-08-08,-26025.0
2000-08-15,-32905.0
2000-08-22,-28010.0
2000-08-29,-30114.0
2000-09-05,-20414.0
2000-09-12,-28357.0
2000-09-19,-33153.0
2000-09-26,-27994.0
2000-10-03,-22609.0
2000-10-10,-27582.0
2000-10-17,-19458.0
2000-10-24,-22952.0
2000-10-31,-38063.0
2000-11-07,-39356.0
2000-11-14,-41052.0
2000-11-21,-42422.0
2000-11-28,-32224.0
2000-12-05,-23409.0
2000-12-12,-12649.0
2000-12-19,-18010.0
2000-12-26,-9603.0
2001-01-02,-21090.0
2001-01-09,-35869.0
2001-01-16,-54729.0
2001-01-23,-54611.0
2001-01-30,-50845.0
2001-02-06,-49980.0
2001-02-13,-56843.0
2001-02-20,-63263.0
2001-02-27,-47785.0
2001-03-06,-40582.0
2001-03-13,-18608.0
2001-03-20,-33497.0
2001-03-27,-29398.0
2001-04-03,-48389.0
2001-04-10,-56001.0
2001-04-17,-39771.0
2001-04-24,-27932.0
2001-05-01,-21153.0
2001-05-08,-18339.0
2001-05-15,5347.0
2001-05-22,41954.0
2001-05-29,45838.0
2001-06-05,25993.0
2001-06-12,21255.0
2001-06-19,24025.0
2001-06-26,27668.0
2001-07-03,22253.0
2001-07-10,15919.0
2001-07-17,13525.0
2001-07-24,16653.0
2001-07-31,-551.0
2001-08-07,224.0
2001-08-14,35645.0
2001-08-21,42830.0
2001-08-28,31048.0
2001-09-04,29908.0
2001-09-10,24464.0
2001-09-18,34745.0
2001-09-25,43482.0
2001-10-02,43173.0
2001-10-09,42658.0
2001-10-16,30380.0
2001-10-23,18734.0
2001-10-30,16632.0
2001-11-06,16018.0
2001-11-13,10046.0
2001-11-20,-5073.0
2001-11-27,-8004.0
2001-12-04,-6835.0
2001-12-11,-20546.0
2001-12-18,-45.0
2001-12-21,-2422.0
2001-12-28,-511.0
2002-01-08,6861.0
2002-01-15,34567.0
2002-01-22,30978.0
2002-01-29,17634.0
2002-02-05,43386.0
2002-02-12,47772.0
2002-02-19,44489.0
2002-02-26,40805.0
2002-03-05,42851.0
2002-03-12,36833.0
2002-03-19,32950.0
2002-03-26,39962.0
2002-04-02,46290.0
2002-04-09,45114.0
2002-04-16,40540.0
2002-04-23,49220.0
2002-04-30,56704.0
2002-05-07,56972.0
2002-05-14,41491.0
2002-05-21,52651.0
2002-05-28,49506.0
2002-06-04,52606.0
2002-06-11,54537.0
2002-06-18,50485.0
2002-06-25,47615.0
2002-07-02,37520.0
2002-07-09,30759.0
2002-07-16,28096.0
2002-07-23,30362.0
2002-07-30,4039.0
2002-08-06,4193.0
2002-08-13,4036.0
2002-08-20,7370.0
2002-08-27,4888.0
2002-09-03,7803.0
2002-09-10,21161.0
2002-09-17,26685.0
2002-09-24,44754.0
2002-10-01,46116.0
2002-10-08,42060.0
2002-10-15,18785.0
2002-10-22,11882.0
2002-10-29,18303.0
2002-11-05,22750.0
2002-11-12,40897.0
2002-11-19,41474.0
2002-11-26,36877.0
2002-12-03,31437.0
2002-12-10,50626.0
2002-12-17,57709.0
2002-12-23,60092.0
2002-12-31,62180.0
2003-01-07,66195.0
2003-01-14,65201.0
2003-01-21,67664.0
2003-01-28,64652.0
2003-02-04,75106.0
2003-02-11,58687.0
2003-02-14,40589.0
2003-02-25,30061.0
2003-03-04,33156.0
2003-03-11,32867.0
2003-03-18,17524.0
2003-03-25,24615.0
2003-04-01,23677.0
2003-04-08,21311.0
2003-04-15,17236.0
2003-04-22,20376.0
2003-04-29,19608.0
2003-05-06,33213.0
2003-05-13,37864.0
2003-05-20,63686.0
2003-05-27,70054.0
2003-06-03,87634.0
2003-06-10,70331.0
2003-06-17,71119.0
2003-06-24,54611.0
2003-07-01,49222.0
2003-07-08,44162.0
2003-07-15,28497.0
2003-07-22,38380.0
2003-07-29,75836.0
2003-08-05,56112.0
2003-08-12,64458.0
2003-08-19,88742.0
2003-08-26,97021.0
2003-09-02,123118.0
2003-09-09,119466.0
2003-09-16,110757.0
2003-09-23,119187.0
2003-09-30,114523.0
2003-10-07,99688.0
2003-10-14,99662.0
2003-10-21,107313.0
2003-10-28,117496.0
2003-11-04,112863.0
2003-11-11,113095.0
2003-11-18,126373.0
2003-11-25,126041.0
2003-12-02,132028.0
2003-12-09,126696.0
2003-12-16,134263.0
2003-12-22,129588.0
2003-12-30,134855.0
2004-01-06,136412.0
2004-01-13,137894.0
2004-01-20,114265.0
2004-01-27,107875.0
2004-02-03,83006.0
2004-02-10,74588.0
2004-02-17,86656.0
2004-02-24,75329.0
2004-03-02,54971.0
2004-03-09,74687.0
2004-03-16,80522.0
2004-03-23,126809.0
2004-03-30,147641.0
2004-04-06,166758.0
2004-04-12,162606.0
2004-04-20,88125.0
2004-04-27,71908.0
2004-05-04,62878.0
2004-05-11,43416.0
2004-05-18,34256.0
2004-05-25,38184.0
2004-06-01,51146.0
2004-06-08,47945.0
2004-06-15,45630.0
2004-06-22,58772.0
2004-06-29,60362.0
2004-07-06,51947.0
2004-07-13,97122.0
2004-07-20,99389.0
2004-07-27,52490.0
2004-08-03,53223.0
2004-08-10,68090.0
2004-08-17,77359.0
2004-08-24,110644.0
2004-08-31,111764.0
2004-09-07,87775.0
2004-09-14,83333.0
2004-09-21,94846.0
2004-09-28,110909.0
2004-10-05,146638.0
2004-10-12,147360.0
2004-10-19,155046.0
2004-10-26,167235.0
2004-11-02,151149.0
2004-11-09,163003.0
2004-11-16,169792.0
2004-11-23,170190.0
2004-11-30,163129.0
2004-12-07,173241.0
2004-12-14,127925.0
2004-12-21,132018.0
2004-12-28,138482.0
2005-01-04,110293.0
2005-01-11,71168.0
2005-01-18,65004.0
2005-01-25,65811.0
2005-02-01,55063.0
2005-02-08,38549.0
2005-02-15,50087.0
2005-02-22,70372.0
2005-03-01,85946.0
2005-03-08,100019.0
2005-03-15,142164.0
2005-03-22,119556.0
2005-03-29,114769.0
2005-04-05,118016.0
2005-04-12,124708.0
2005-04-19,124450.0
2005-04-26,149261.0
2005-05-03,116564.0
2005-05-10,89142.0
2005-05-17,63803.0
2005-05-24,47062.0
2005-05-31,34309.0
2005-06-07,40589.0
2005-06-14,58888.0
2005-06-21,115113.0
2005-06-28,140532.0
2005-07-05,108960.0
2005-07-12,77131.0
2005-07-19,57160.0
2005-07-26,55484.0
2005-08-02,69348.0
2005-08-09,122263.0
2005-08-16,163047.0
2005-08-23,164718.0
2005-08-30,120277.0
2005-09-06,122814.0
2005-09-13,134310.0
2005-09-20,170714.0
2005-09-27,177446.0
2005-10-04,182993.0
2005-10-11,189162.0
2005-10-18,182096.0
2005-10-25,164868.0
2005-11-01,138397.0
2005-11-08,131755.0
2005-11-15,139556.0
2005-11-22,165882.0
2005-11-29,160876.0
2005-12-06,169412.0
2005-12-13,158884.0
2005-12-20,161205.0
2005-12-27,158752.0
2006-01-03,154449.0
2006-01-10,147979.0
2006-01-17,149777.0
2006-01-24,141837.0
2006-01-31,140834.0
2006-02-07,129303.0
2006-02-14,122542.0
2006-02-21,119228.0
2006-02-28,126512.0
2006-03-07,119811.0
2006-03-14,95666.0
2006-03-21,103540.0
2006-03-28,123257.0
2006-04-04,136097.0
2006-04-11,128048.0
2006-04-18,132001.0
2006-04-25,128083.0
2006-05-02,127465.0
2006-05-09,129337.0
2006-05-16,119222.0
2006-05-23,103596.0
2006-05-30,100231.0
2006-06-06,93691.0
2006-06-13,94869.0
2006-06-20,85474.0
2006-06-27,78676.0
2006-07-03,86290.0
2006-07-11,98560.0
2006-07-18,105436.0
2006-07-25,100198.0
2006-08-01,102376.0
2006-08-08,106963.0
2006-08-15,99571.0
2006-08-22,94187.0
2006-08-29,84059.0
2006-09-05,95958.0
2006-09-12,76142.0
2006-09-19,69393.0
2006-09-26,66298.0
2006-10-03,64059.0
2006-10-10,55764.0
2006-10-17,58294.0
2006-10-24,53496.0
2006-10-31,61542.0
2006-11-07,79368.0
2006-11-14,87746.0
2006-11-21,83334.0
2006-11-28,81689.0
2006-12-05,85290.0
2006-12-12,81948.0
2006-12-19,69286.0
2006-12-26,68303.0
2007-01-03,78251.0
2007-01-09,52512.0
2007-01-16,64763.0
2007-01-23,90022.0
2007-01-30,106162.0
2007-02-06,116065.0
2007-02-13,132315.0
2007-02-20,137753.0
2007-02-27,148364.0
2007-03-06,105815.0
2007-03-13,101489.0
2007-03-20,97354.0
2007-03-27,100018.0
2007-04-03,98909.0
2007-04-10,118140.0
2007-04-17,141926.0
2007-04-24,140855.0
2007-05-01,137552.0
2007-05-08,145016.0
2007-05-15,122027.0
2007-05-22,104369.0
2007-05-29,96202.0
2007-06-05,111920.0
2007-06-12,75394.0
2007-06-19,83346.0
2007-06-26,60430.0
2007-07-03,64143.0
2007-07-10,72205.0
2007-07-17,78689.0
2007-07-24,127385.0
2007-07-31,82738.0
2007-08-07,92641.0
2007-08-14,98017.0
2007-08-21,69425.0
2007-08-28,80850.0
2007-09-04,105988.0
2007-09-11,142065.0
2007-09-18,158809.0
2007-09-25,189498.0
2007-10-02,194911.0
2007-10-09,211651.0
2007-10-16,224784.0
2007-10-23,209869.0
2007-10-30,220901.0
2007-11-06,222739.0
2007-11-13,209283.0
2007-11-20,191551.0
2007-11-27,188384.0
2007-12-04,179509.0
2007-12-11,183584.0
2007-12-18,182546.0
2007-12-24,197303.0
2007-12-31,211811.0
2008-01-08,218004.0
2008-01-15,224528.0
2008-01-22,217961.0
2008-01-29,219984.0
2008-02-05,217843.0
2008-02-12,219147.0
2008-02-19,223873.0
2008-02-26,222092.0
2008-03-04,209479.0
2008-03-11,212787.0
2008-03-18,204361.0
2008-03-25,190663.0
2008-04-01,170319.0
2008-04-08,174687.0
2008-04-15,181476.0
2008-04-22,177808.0
2008-04-29,164414.0
2008-05-06,157095.0
2008-05-13,153819.0
2008-05-20,185796.0
2008-05-27,192766.0
2008-06-03,171712.0
2008-06-10,151934.0
2008-06-17,154736.0
2008-06-24,155575.0
2008-07-01,193418.0
2008-07-08,195202.0
2008-07-15,219699.0
2008-07-22,209636.0
2008-07-29,188354.0
2008-08-05,163744.0
2008-08-12,120826.0
2008-08-19,101350.0
2008-08-26,93885.0
2008-09-02,79867.0
2008-09-09,66799.0
2008-09-16,71023.0
2008-09-23,113062.0
2008-09-30,112742.0
2008-10-07,110408.0
2008-10-14,102228.0
2008-10-21,88008.0
2008-10-28,70744.0
2008-11-04,61165.0
2008-11-11,51996.0
2008-11-18,56034.0
2008-11-25,89598.0
2008-12-02,90801.0
2008-12-09,89007.0
2008-12-16,119255.0
2008-12-22,131653.0
2008-12-30,138295.0
2009-01-06,144751.0
2009-01-13,137758.0
2009-01-20,137015.0
2009-01-27,152520.0
2009-02-03,168103.0
2009-02-10,177213.0
2009-02-17,184095.0
2009-02-24,178590.0
2009-03-03,172476.0
2009-03-10,155554.0
2009-03-17,163067.0
2009-03-24,166118.0
2009-03-31,168224.0
2009-04-07,137473.0
2009-04-14,140253.0
2009-04-21,133364.0
2009-04-28,140132.0
2009-05-05,142048.0
2009-05-12,155880.0
2009-05-19,170872.0
2009-05-26,189924.0
2009-06-02,204883.0
2009-06-09,201359.0
2009-06-16,183104.0
2009-06-23,170956.0
2009-06-30,169735.0
2009-07-07,171061.0
2009-07-14,160298.0
2009-07-21,181060.0
2009-07-28,176859.0
2009-08-04,204175.0
2009-08-11,197740.0
2009-08-18,181457.0
2009-08-25,189610.0
2009-09-01,192022.0
2009-09-08,241986.0
2009-09-15,255183.0
2009-09-22,255525.0
2009-09-29,242494.0
2009-10-06,259489.0
2009-10-13,280626.0
2009-10-20,278354.0
2009-10-27,265026.0
2009-11-03,271564.0
2009-11-09,272807.0
2009-11-17,270765.0
2009-11-24,273552.0
2009-12-01,272417.0
2009-12-08,264775.0
2009-12-15,267967.0
2009-12-22,249339.0
2009-12-29,241946.0
2010-01-05,242408.0
2010-01-12,248360.0
2010-01-19,241615.0
2010-01-26,222930.0
2010-02-02,222282.0
2010-02-09,188645.0
2010-02-16,193345.0
2010-02-23,211821.0
2010-03-02,222905.0
2010-03-09,223637.0
2010-03-16,217280.0
2010-03-23,198228.0
2010-03-30,186784.0
2010-04-06,223852.0
2010-04-13,247279.0
2010-04-20,234578.0
2010-04-27,251445.0
2010-05-04,260991.0
2010-05-11,276309.0
2010-05-18,274769.0
2010-05-25,253330.0
2010-06-01,256195.0
2010-06-08,263468.0
2010-06-15,265983.0
2010-06-22,274202.0
2010-06-29,273023.0
2010-07-06,231381.0
2010-07-13,231972.0
2010-07-20,198814.0
2010-07-27,202730.0
2010-08-03,201556.0
2010-08-10,207964.0
2010-08-17,226964.0
2010-08-24,245456.0
2010-08-31,260913.0
2010-09-07,264633.0
2010-09-14,271988.0
2010-09-21,272286.0
2010-09-28,280380.0
2010-10-05,283462.0
2010-10-12,282254.0
2010-10-19,275916.0
2010-10-26,259469.0
2010-11-02,253538.0
2010-11-09,267301.0
2010-11-16,239351.0
2010-11-23,237243.0
2010-11-30,244799.0
2010-12-07,251428.0
2010-12-14,241424.0
2010-12-21,229900.0
2010-12-28,237680.0
2011-01-04,224723.0
2011-01-11,201886.0
2011-01-18,189434.0
2011-01-25,175828.0
2011-02-01,170706.0
2011-02-08,191281.0
2011-02-15,199425.0
2011-02-22,213250.0
2011-03-01,230325.0
2011-03-08,226073.0
2011-03-15,205615.0
2011-03-22,210535.0
2011-03-29,213983.0
2011-04-05,230758.0
2011-04-12,228893.0
2011-04-19,251710.0
2011-04-26,238311.0
2011-05-03,236503.0
2011-05-10,212964.0
2011-05-17,194980.0
2011-05-24,213515.0
2011-05-31,222984.0
2011-06-07,231293.0
2011-06-14,221852.0
2011-06-21,238788.0
2011-06-28,194557.0
2011-07-05,187123.0
2011-07-12,236193.0
2011-07-19,263063.0
2011-07-26,269489.0
2011-08-02,289250.0
2011-08-09,259183.0
2011-08-16,257914.0
2011-08-23,247969.0
2011-08-30,232638.0
2011-09-06,241504.0
2011-09-13,224728.0
2011-09-20,203032.0
2011-09-27,158754.0
2011-10-04,162314.0
2011-10-11,168022.0
2011-10-18,159985.0
2011-10-25,168343.0
2011-11-01,178056.0
2011-11-08,200980.0
2011-11-15,203798.0
2011-11-22,178800.0
2011-11-29,174328.0
2011-12-06,182467.0
2011-12-13,163169.0
2011-12-20,140904.0
2011-12-27,135907.0
2012-01-03,135786.0
2012-01-10,139435.0
2012-01-17,146008.0
2012-01-24,155027.0
2012-01-31,188187.0
2012-02-07,195691.0
2012-02-14,183801.0
2012-02-21,201637.0
2012-02-28,221542.0
2012-03-06,172024.0
2012-03-13,163276.0
2012-03-20,138159.0
2012-03-27,160051.0
2012-04-03,149599.0
2012-04-10,143699.0
2012-04-17,146833.0
2012-04-24,139449.0
2012-05-01,147375.0
2012-05-08,120979.0
2012-05-15,103824.0
2012-05-22,106996.0
2012-05-29,101466.0
2012-06-05,129423.0
2012-06-12,132922.0
2012-06-19,138011.0
2012-06-26,115756.0
2012-07-03,137236.0
2012-07-10,118781.0
2012-07-17,120934.0
2012-07-24,102792.0
2012-07-31,128836.0
2012-08-07,119011.0
2012-08-14,118223.0
2012-08-21,140126.0
2012-08-28,167119.0
2012-09-04,184724.0
2012-09-11,203923.0
2012-09-18,221267.0
2012-09-25,234613.0
2012-10-02,239940.0
2012-10-09,244295.0
2012-10-16,226093.0
2012-10-23,204736.0
2012-10-30,193394.0
2012-11-06,183685.0
2012-11-13,195003.0
2012-11-20,202327.0
2012-11-27,218391.0
2012-12-04,172302.0
2012-12-11,176047.0
2012-12-18,159508.0
2012-12-24,149147.0
2012-12-31,153666.0
2013-01-08,143653.0
2013-01-15,151218.0
2013-01-22,159182.0
2013-01-29,131069.0
2013-02-05,144495.0
2013-02-12,128581.0
2013-02-19,98380.0
2013-02-26,113638.0
2013-03-05,95012.0
2013-03-12,102294.0
2013-03-19,127996.0
2013-03-26,127732.0
2013-04-02,110459.0
2013-04-09,112551.0
2013-04-16,106077.0
2013-04-23,83691.0
2013-04-30,85890.0
2013-05-07,78871.0
2013-05-14,68942.0
2013-05-21,61933.0
2013-05-28,55203.0
2013-06-04,64854.0
2013-06-11,60227.0
2013-06-18,43344.0
2013-06-25,32869.0
2013-07-02,31289.0
2013-07-09,27845.0
2013-07-16,41132.0
2013-07-23,57778.0
2013-07-30,51863.0
2013-08-06,72895.0
2013-08-13,82283.0
2013-08-20,102897.0
2013-08-27,126217.0
2013-09-03,127663.0
2013-09-10,110665.0
2013-09-17,93829.0
2013-09-24,99949.0
2013-10-01,97502.0
2013-10-08,110041.0
2013-10-15,84112.0
2013-10-22,108450.0
2013-10-29,128576.0
2013-11-05,116259.0
2013-11-12,84703.0
2013-11-19,71840.0
2013-11-26,52227.0
2013-12-03,48536.0
2013-12-10,56902.0
2013-12-17,54526.0
2013-12-24,54587.0
2013-12-31,58316.0
2014-01-07,66478.0
2014-01-14,70964.0
2014-01-21,72277.0
2014-01-28,90277.0
2014-02-04,88374.0
2014-02-11,98990.0
2014-02-18,119685.0
2014-02-25,141314.0
2014-03-04,147339.0
2014-03-11,152267.0
2014-03-18,172204.0
2014-03-25,145531.0
2014-04-01,127121.0
2014-04-08,120885.0
2014-04-15,113558.0
2014-04-22,110658.0
2014-04-29,112095.0
2014-05-06,127147.0
2014-05-13,119077.0
2014-05-20,117082.0
2014-05-27,92710.0
2014-06-03,76895.0
2014-06-10,75973.0
2014-06-17,94654.0
2014-06-24,146239.0
2014-07-01,168305.0
2014-07-08,170091.0
2014-07-15,160173.0
2014-07-22,166696.0
2014-07-29,154773.0
2014-08-05,133874.0
2014-08-12,165960.0
2014-08-19,152817.0
2014-08-26,125632.0
2014-09-02,105824.0
2014-09-09,102284.0
2014-09-16,82661.0
2014-09-23,70756.0
2014-09-30,67083.0
2014-10-07,66968.0
2014-10-14,87360.0
2014-10-21,111279.0
2014-10-28,104521.0
2014-11-04,61239.0
2014-11-11,54756.0
2014-11-18,84877.0
2014-11-25,91479.0
2014-12-02,104751.0
2014-12-09,135584.0
2014-12-16,136375.0
2014-12-23,125198.0
2014-12-30,131143.0
2015-01-06,138364.0
2015-01-13,148551.0
2015-01-20,188701.0
2015-01-27,211237.0
2015-02-03,203097.0
2015-02-10,172985.0
2015-02-17,146591.0
2015-02-24,138865.0
2015-03-03,128512.0
2015-03-10,97229.0
2015-03-17,69800.0
2015-03-24,74257.0
2015-03-31,88626.0
2015-04-07,110947.0
2015-04-14,108748.0
2015-04-21,112254.0
2015-04-28,109903.0
2015-05-05,79081.0
2015-05-12,82733.0
2015-05-19,130250.0
2015-05-26,111129.0
2015-06-02,111638.0
2015-06-09,79382.0
2015-06-16,81613.0
2015-06-23,98756.0
2015-06-30,69773.0
2015-07-07,50610.0
2015-07-14,48984.0
2015-07-21,23568.0
2015-07-28,23878.0
2015-08-04,27647.0
2015-08-11,32303.0
2015-08-18,45073.0
2015-08-25,76718.0
2015-09-01,77773.0
2015-09-08,59809.0
2015-09-15,36091.0
2015-09-22,59363.0
2015-09-29,78746.0
2015-10-06,92820.0
2015-10-13,126533.0
2015-10-20,162800.0
2015-10-27,162728.0
2015-11-03,113651.0
2015-11-10,64776.0
2015-11-17,28963.0
2015-11-24,20243.0
2015-12-01,13041.0
2015-12-08,24497.0
2015-12-15,20313.0
2015-12-22,32184.0
2015-12-29,23311.0
2016-01-05,30587.0
2016-01-12,48247.0
2016-01-19,47072.0
2016-01-26,68731.0
2016-02-02,83865.0
2016-02-09,125386.0
2016-02-16,148626.0
2016-02-23,178979.0
2016-03-01,183616.0
2016-03-08,212857.0
2016-03-15,203422.0
2016-03-22,216341.0
2016-03-29,214114.0
2016-04-05,213348.0
2016-04-12,242724.0
2016-04-19,245568.0
2016-04-26,243343.0
2016-05-03,299896.0
2016-05-10,293409.0
2016-05-17,298651.0
2016-05-24,234075.0
2016-05-31,215637.0
2016-06-07,250677.0
2016-06-14,306040.0
2016-06-21,316525.0
2016-06-28,329783.0
2016-07-05,347745.0
2016-07-12,329268.0
2016-07-19,318788.0
2016-07-26,305505.0
2016-08-02,326264.0
2016-08-09,312721.0
2016-08-16,312438.0
2016-08-23,322699.0
2016-08-30,291708.0
2016-09-06,330123.0
2016-09-13,302326.0
2016-09-20,272655.0
2016-09-27,311122.0
2016-10-04,261646.0
2016-10-11,210597.0
2016-10-18,194895.0
2016-10-25,212413.0
2016-11-01,224907.0
2016-11-08,223148.0
2016-11-15,174738.0
2016-11-22,158715.0
2016-11-29,142706.0
2016-12-06,127655.0
2016-12-13,120176.0
2016-12-20,103618.0
2016-12-27,91185.0
2017-01-03,90118.0
2017-01-10,106526.0
2017-01-17,106881.0
2017-01-24,107324.0
2017-01-31,119093.0
2017-02-07,121369.0
2017-02-14,110437.0
2017-02-21,129253.0
2017-02-28,168104.0
2017-03-07,131501.0
2017-03-14,97734.0
2017-03-21,122136.0
2017-03-28,143887.0
2017-04-04,161183.0
2017-04-11,177131.0
2017-04-18,200343.0
2017-04-25,196259.0
2017-05-02,185006.0
2017-05-09,141386.0
2017-05-16,120256.0
2017-05-23,159610.0
2017-05-30,171808.0
2017-06-06,214101.0
2017-06-13,197121.0
2017-06-20,151586.0
2017-06-27,132157.0
2017-07-03,90681.0
2017-07-11,55034.0
2017-07-18,58045.0
2017-07-25,92335.0
2017-08-01,135641.0
2017-08-08,149842.0
2017-08-15,191831.0
2017-08-22,215452.0
2017-08-29,246439.0
2017-09-05,264921.0
2017-09-12,274420.0
2017-09-19,252776.0
2017-09-26,228017.0
2017-10-03,212480.0
2017-10-10,214539.0
2017-10-17,209646.0
2017-10-24,198596.0
2017-10-31,196686.0
2017-11-07,201352.0
2017-11-14,202469.0
2017-11-21,205747.0
2017-11-28,235209.0
2017-12-05,180067.0
2017-12-12,106586.0
2017-12-19,116498.0
2017-12-26,138893.0
2018-01-02,172021.0
2018-01-09,212061.0
2018-01-16,224305.0
2018-01-23,229807.0
2018-01-30,225787.0
2018-02-06,208171.0
2018-02-13,192450.0
2018-02-20,207226.0
2018-02-27,183522.0
2018-03-06,193337.0
2018-03-13,174563.0
2018-03-20,153316.0
2018-03-27,211878.0
2018-04-03,173181.0
2018-04-10,164227.0
2018-04-17,173917.0
2018-04-24,141913.0
2018-05-01,103367.0
2018-05-08,103540.0
2018-05-15,80577.0
2018-05-22,77410.0
2018-05-29,112754.0
2018-06-05,107245.0
2018-06-12,115460.0
2018-06-19,83750.0
2018-06-26,64991.0
2018-07-03,66319.0
2018-07-10,69056.0
2018-07-17,38891.0
2018-07-24,32331.0
2018-07-31,16933.0
2018-08-07,-6995.0
2018-08-14,-25349.0
2018-08-21,-23964.0
2018-08-28,-16952.0
2018-09-04,-34256.0
2018-09-11,-28517.0
2018-09-18,-28919.0
2018-09-25,-32764.0
2018-10-02,-35201.0
2018-10-09,-56998.0
2018-10-16,14959.0
2018-10-23,28404.0
2018-10-30,5976.0
2018-11-06,12210.0
2018-11-13,-22931.0
2018-11-20,4618.0
2018-11-27,-2520.0
2018-12-04,52720.0
2018-12-11,68701.0
2018-12-18,87497.0
2018-12-24,131355.0
2018-12-31,144905.0
2019-01-08,121291.0
2019-01-15,112977.0
2019-01-22,96939.0
2019-01-29,124189.0
2019-02-05,130766.0
2019-02-12,126552.0
2019-02-19,170628.0
2019-02-26,160935.0
2019-03-05,97396.0
2019-03-12,98852.0
2019-03-19,112127.0
2019-03-26,137125.0
2019-04-02,98971.0
2019-04-09,117345.0
2019-04-16,55716.0
2019-04-23,36022.0
2019-04-30,70149.0
2019-05-07,78146.0
2019-05-14,128449.0
2019-05-21,79688.0
2019-05-28,85534.0
2019-06-04,175666.0
2019-06-11,205940.0
2019-06-18,235532.0
2019-06-25,278964.0
2019-07-02,294823.0
2019-07-09,274555.0
2019-07-16,279274.0
2019-07-23,279831.0
2019-07-30,292847.0
2019-08-06,346623.0
2019-08-13,344267.0
2019-08-20,349647.0
2019-08-27,361373.0
2019-09-03,364698.0
2019-09-10,309774.0
2019-09-17,328309.0
2019-09-24,357965.0
2019-10-01,301501.0
2019-10-08,316919.0
2019-10-15,283219.0
2019-10-22,290532.0
2019-10-29,302415.0
2019-11-05,301681.0
2019-11-12,267190.0
2019-11-19,299187.0
2019-11-26,270136.0
2019-12-03,297087.0
2019-12-10,268946.0
2019-12-17,291526.0
2019-12-24,322133.0
2019-12-31,351088.0
2020-01-07,357496.0
2020-01-14,342089.0
2020-01-21,342946.0
2020-01-28,354368.0
2020-02-04,311407.0
2020-02-11,327367.0
2020-02-18,388803.0
2020-02-25,386392.0
2020-03-03,368318.0
2020-03-10,343582.0
2020-03-17,276313.0
2020-03-24,312762.0
2020-03-31,268412.0
2020-04-07,275662.0
2020-04-14,290063.0
2020-04-21,276756.0
2020-04-28,286065.0
2020-05-05,275571.0
2020-05-12,268914.0
2020-05-19,283541.0
2020-05-26,253644.0
2020-06-02,237297.0
2020-06-09,225353.0
2020-06-16,242497.0
2020-06-23,275526.0
2020-06-30,290372.0
2020-07-07,293245.0
2020-07-14,288929.0
2020-07-21,298715.0
2020-07-28,277600.0
2020-08-04,284683.0
2020-08-11,259719.0
2020-08-18,265068.0
2020-08-25,250097.0
2020-09-01,260719.0
2020-09-08,264189.0
2020-09-15,273379.0
2020-09-22,241843.0
2020-09-29,244177.0
2020-10-06,250391.0
2020-10-13,238231.0
2020-10-20,250856.0
2020-10-27,246356.0
2020-11-03,240098.0
2020-11-10,230190.0
2020-11-17,240797.0
2020-11-24,221211.0
2020-12-01,240486.0
2020-12-08,254277.0
2020-12-15,254289.0
2020-12-21,262322.0
2020-12-29,264335.0
2021-01-05,280671.0
2021-01-12,239057.0
2021-01-19,240371.0
2021-01-26,251319.0
2021-02-02,246839.0
2021-02-09,241109.0
2021-02-16,219969.0
2021-02-23,216845.0
2021-03-02,181925.0
2021-03-09,167164.0
2021-03-16,175051.0
2021-03-23,168241.0
2021-03-30,157561.0
2021-04-06,187723.0
2021-04-13,179835.0
2021-04-20,184169.0
2021-04-27,173486.0
2021-05-04,174675.0
2021-05-11,203931.0
2021-05-18,214402.0
2021-05-25,232955.0
2021-06-01,235042.0
2021-06-08,232099.0
2021-06-15,210771.0
2021-06-22,171167.0
2021-06-29,167687.0
2021-07-06,192051.0
2021-07-13,201655.0
2021-07-20,209227.0
2021-07-27,205700.0
2021-08-03,204326.0
2021-08-10,169654.0
2021-08-17,199380.0
2021-08-24,220506.0
2021-08-31,228975.0
2021-09-07,216293.0
2021-09-14,218904.0
2021-09-21,194985.0
2021-09-28,172715.0
2021-10-05,189825.0
2021-10-12,191323.0
2021-10-19,199446.0
2021-10-26,225443.0
2021-11-02,225597.0
2021-11-09,268440.0
2021-11-16,283416.0
2021-11-23,246342.0
2021-11-30,234879.0
2021-12-07,226343.0
2021-12-14,211303.0
2021-12-21,216502.0
2021-12-28,227907.0
2022-01-04,227200.0
2022-01-11,215570.0
2022-01-18,210941.0
2022-01-25,245782.0
2022-02-01,189762.0
2022-02-08,210874.0
2022-02-15,242762.0
2022-02-22,281573.0
2022-03-01,290706.0
2022-03-08,321225.0
2022-03-15,296672.0
2022-03-22,281201.0
2022-03-29,277954.0
2022-04-05,265733.0
2022-04-12,284345.0
2022-04-19,266548.0
2022-04-26,236314.0
2022-05-03,211275.0
2022-05-10,198415.0
2022-05-17,178365.0
2022-05-24,195922.0
2022-05-31,181183.0
2022-06-07,183960.0
2022-06-14,163621.0
2022-06-21,174626.0
2022-06-28,165090.0
2022-07-05,146416.0
2022-07-12,116851.0
2022-07-19,92501.0
2022-07-26,91425.0
2022-08-02,128287.0
2022-08-09,148634.0
2022-08-16,144036.0
2022-08-23,127603.0
2022-08-30,118051.0
2022-09-06,101572.0
2022-09-13,94549.0
2022-09-20,60786.0
2022-09-27,45973.0
2022-10-04,90421.0
2022-10-11,91370.0
2022-10-18,69345.0
2022-10-25,59342.0
2022-11-01,57631.0
2022-11-08,84942.0
2022-11-15,139029.0
2022-11-22,124478.0
2022-11-29,119443.0
2022-12-06,124790.0
2022-12-13,140414.0
2022-12-20,142457.0
2022-12-27,153139.0
2023-01-03,160036.0
2023-01-10,172607.0
2023-01-17,176793.0
2023-01-24,183861.0
2023-01-31,189533.0
2023-02-07,148034.0
2023-02-14,125226.0
2023-02-21,121800.0
2023-02-28,113043.0
2023-03-07,98131.0
2023-03-14,154554.0
2023-03-21,174382.0
2023-03-28,200033.0
2023-04-04,220043.0
2023-04-11,216408.0
2023-04-18,215152.0
2023-04-25,209824.0
2023-05-02,225163.0
2023-05-09,225537.0
2023-05-16,205266.0
2023-05-23,182705.0
2023-05-30,172719.0
2023-06-06,178804.0
2023-06-13,160913.0
2023-06-20,163132.0
2023-06-27,153597.0
2023-07-03,165197.0
2023-07-11,168621.0
2023-07-18,200311.0
2023-07-25,179832.0
2023-08-01,169293.0
2023-08-08,144722.0
2023-08-15,119802.0
2023-08-22,98748.0
2023-08-29,126928.0
2023-09-05,139898.0
2023-09-12,122929.0
2023-09-19,136752.0
2023-09-26,112525.0
2023-10-03,75267.0
2023-10-10,60475.0
2023-10-17,110085.0
2023-10-24,153221.0
2023-10-31,171424.0
2023-11-07,172564.0
2023-11-14,161551.0
2023-11-21,183353.0
2023-11-28,211567.0
2023-12-05,210722.0
2023-12-12,188911.0
2023-12-19,208895.0
2023-12-26,217806.0
2024-01-02,218090.0
2024-01-09,191141.0
2024-01-16,182248.0
2024-01-23,172403.0
2024-01-30,151449.0
2024-02-06,164432.0
2024-02-13,129251.0
2024-02-20,142547.0
2024-02-27,143887.0
2024-03-05,208252.0
2024-03-12,222539.0
2024-03-19,218287.0
2024-03-26,218366.0
2024-04-02,236574.0
2024-04-09,234504.0
2024-04-16,231584.0
2024-04-23,228900.0
2024-04-30,230531.0
2024-05-07,226120.0
2024-05-14,232750.0
2024-05-21,257369.0
2024-05-28,246865.0
2024-06-04,244007.0
2024-06-11,236166.0
2024-06-18,249974.0
2024-06-25,246542.0
2024-07-02,241509.0
2024-07-09,255236.0
2024-07-16,288518.0
2024-07-23,268566.0
2024-07-30,251887.0
2024-08-06,240184.0
2024-08-13,275221.0
2024-08-20,299784.0
2024-08-27,294857.0
2024-09-03,283073.0
2024-09-10,280627.0
2024-09-17,307764.0
2024-09-24,313939.0
2024-10-01,300699.0
2024-10-08,276764.0
2024-10-15,285539.0
2024-10-22,295177.0
2024-10-29,290948.0
2024-11-05,267139.0
2024-11-12,242268.0
2024-11-19,242018.0
2024-11-26,246921.0
2024-12-03,258235.0
2024-12-10,277430.0
2024-12-17,261209.0
2024-12-24,243381.0
2024-12-31,245562.0
2025-01-07,254331.0
2025-01-14,278264.0
2025-01-21,303207.0
2025-01-28,306154.0
2025-02-04,310156.0
2025-02-11,293632.0
2025-02-18,274775.0
2025-02-25,267442.0
2025-03-04,249001.0
2025-03-11,242032.0
2025-03-18,268569.0
2025-03-25,258585.0
2025-04-01,250882.0
2025-04-08,203102.0
2025-04-15,216400.0
2025-04-22,195269.0
2025-04-29,181879.0
2025-05-06,181114.0
2025-05-13,176020.0
2025-05-20,179940.0
2025-05-27,177062.0
2025-06-03,191433.0
2025-06-10,190182.0
2025-06-17,200643.0
2025-06-24,188547.0
2025-07-01,193359.0
2025-07-08,193639.0
2025-07-15,203756.0
2025-07-22,245280.0
2025-07-29,217188.0
2025-08-05,230217.0
2025-08-12,220543.0
2025-08-19,201870.0
2025-08-26,209730.0
2025-09-02,244432.0
2025-09-09,255351.0
2025-09-16,256079.0
2025-09-23,259261.0
2025-09-30,248081.0
2025-10-07,225202.0
2025-10-14,197731.0
2025-10-21,166201.0
2025-10-28,182877.0
2025-11-04,179005.0
2025-11-10,182319.0
2025-11-18,180497.0
2025-11-25,191594.0
2025-12-02,204416.0
2025-12-09,209004.0
2025-12-16,218725.0
2025-12-23,231857.0
2025-12-30,219499.0
2026-01-06,213743.0
2026-01-13,230463.0
2026-01-20,223928.0
2026-01-27,206435.0
2026-02-03,161187.0
2026-02-10,155447.0
2026-02-17,154591.0
2026-02-24,162188.0
2026-03-03,159891.0
2026-03-10,165679.0
2026-03-17,163351.0
2026-03-24,161335.0
2026-03-31,160696.0
2026-04-07,153868.0
2026-04-14,161119.0
2026-04-21,160196.0
2026-04-28,153504.0
2026-05-05,156501.0
2026-05-12,165174.0
2026-05-19,148660.0
2026-05-26,149660.0
